{"Playing with hh child": [[2.3634579799999997, 54.00428488]], "Feeding hh child": [[2.66679816, 13.21314137], [17.9408684, 61.97466977]]}