{"Playing with hh child": [[15.879668340000002, 73.70254596000001]], "Preparing a shower for a hh child": [[18.00151698, 34.1839491], [44.36698764, 66.61053378]]}