{"Setting the fire": [[40.12355785, 170.64265915]], "Starting a campfire": [[28.42477142, 131.12686025]]}