{"Hand washing clothes": [[38.24927395, 126.23403645]], "Washing hands": [[52.55548425, 140.96391859999997]]}