{"Checking tires": [[61.185194700000004, 115.4620824]], "Putting air in tires": [[48.275996160000005, 162.03900846]]}