{"Playing with hh child": [[20.977342959999998, 119.55524512]], "Singing with hh child": [[13.67166992, 105.03508472]]}