{"Playing tennis": [[6.12257856, 18.79311168], [29.735672960000002, 76.62912320000001]], "Ping-pong": [[16.30797056, 75.87100864]]}