{"Making coffee": [[67.03515252000001, 137.82640032]], "Drinking coffee": [[28.12354902, 35.63788347], [53.58009888, 176.31351360000002]]}