{"Hand washing clothes": [[4.27431482, 16.1264212], [19.12776212, 38.527634139999996]], "Ironing clothes": [[13.641150780000002, 36.61786052]]}