{"Setting the fire": [[8.75958156, 57.82888776000001], [68.07379564, 86.47152516]], "Starting a campfire": [[22.944310640000005, 92.98664412000001]]}