{"Cleaning garage": [[34.122320169999995, 116.24466893999998]], "Organizing boxes in garage": [[39.63677805, 89.33524935999999], [97.18393754, 115.18459307999998]]}