{"Hand washing clothes": [[14.94039851, 47.578873599999994]], "Ironing clothes": [[15.48596335, 38.48749213]]}