{"Setting the table": [[68.0989624, 117.34726488]], "Wiping table": [[15.81972752, 58.61274616]]}