{"Polishing shoes": [[49.94431756, 137.0104306]], "Cleaning shoes": [[132.19170304, 204.4703316]]}