{"Polishing shoes": [[10.36693218, 60.17302133]], "Cleaning shoes": [[13.21661022, 43.53054425]]}