{"Using a computer": [[37.76754544, 166.98471432]], "Setting up or fixing computer": [[52.28666256, 164.25760104]]}