{"Assembling bicycle": [[36.182819200000004, 66.7599394]], "Fixing bicycle": [[45.122154, 58.0322809], [64.0326126, 90.8814643]]}