{"Playing water polo": [[14.42707248, 82.62240541], [88.6852468, 91.89713166]], "Playing polo": [[4.45564137, 95.32280682]]}