{"Playing with hh child": [[43.762807779999996, 172.41298706999999]], "Singing with hh child": [[2.33276316, 86.85697557], [99.25351825999999, 165.01735881]]}