{"Polishing forniture": [[39.18942405, 97.26228904]], "Assembling furniture": [[25.12638793, 63.55838335]]}