{"Smoking a cigarette": [[2.3355783, 13.588106400000001]], "Smoking fish": [[13.1029569, 26.357502600000004]]}