{"Playing water polo": [[3.1348729600000005, 5.87407186]], "Playing polo": [[1.64351934, 6.7871381600000005]]}