{"Tumbling": [[2.69815392, 31.34682144]], "Cheerleading": [[13.065972480000001, 28.19399616], [35.863660800000005, 45.958968000000006]]}