{"Playing with hh child": [[7.3645825799999995, 50.157609709999996], [59.27907327, 124.10470033]], "Singing with hh child": [[10.63822753, 116.46718971999998]]}