{"Polishing shoes": [[42.54571343, 84.91158302], [91.42670713, 123.33634346]], "Cleaning shoes": [[14.606691879999998, 80.75971937]]}