{"Assembling bicycle": [[31.549501499999998, 142.44598225000001]], "Fixing bicycle": [[33.0951445, 93.83142450000001], [105.77270825, 110.40963725]]}