{"Playing water polo": [[3.63820061, 7.21585062], [8.36791483, 15.0681949]], "Playing polo": [[5.032823400000001, 13.06717566]]}