{"Plataform diving": [[43.577318, 187.88697729999998]], "Springboard diving": [[8.819009300000001, 129.3990785]]}