{"Painting": [[20.278095360000002, 67.6854904], [79.56833489, 88.90378957]], "Paiting furniture": [[32.827922040000004, 44.70961854], [51.34729672, 84.08452755]]}