{"Using a computer": [[7.82209645, 55.2679288]], "Setting up or fixing computer": [[3.3648937, 35.228179000000004]]}