{"Setting the fire": [[33.57611775, 90.12316249999999]], "Starting a campfire": [[9.60587159, 80.66819480999999]]}