{"Hand washing clothes": [[6.9118588, 33.4367068], [36.1953655, 37.6805583]], "Ironing clothes": [[5.0323945, 43.0768002]]}