{"Fixing leaks": [[10.1519716, 40.9410783], [45.8499738, 69.9416267]], "Cleaning refrigerator": [[4.7576244, 75.00278200000001]]}