{"Assembling bicycle": [[5.18272524, 164.47181044]], "Fixing bicycle": [[51.91529686, 140.22626982]]}