{"Wiping table": [[47.40171594, 103.43949128]], "Polishing forniture": [[23.57891634, 64.13069376], [70.34441508, 96.59073093999999]]}