{"Gardening": [[63.0651054, 160.37403768], [180.73942992, 185.91985943999998]], "Watering garden": [[31.002632219999995, 74.39900808], [98.3093856, 156.58464941999998]]}