{"Playing tennis": [[2.5158211899999996, 87.22275333999998], [98.67863736999999, 133.16710111999998]], "Ping-pong": [[62.00740078999999, 111.22509151999999], [124.62049246999999, 136.01597067]]}