{"Setting the fire": [[2.1519725800000002, 9.124161280000001], [17.36846862, 34.252722320000004]], "Starting a campfire": [[5.54738208, 14.91365082], [22.2789478, 46.61960512]]}