{"Putting roast in oven": [[0.21227117, 0.9097042299999999], [3.45716376, 14.58691314]], "Cleaning microwave oven": [[3.3965442099999996, 9.73467777]]}