{"Playing with hh child": [[9.515713400000001, 128.61931764]], "Feeding hh child": [[76.97755792, 96.10194462000001], [112.67923006, 147.98540008]]}