{"Playing with hh child": [[35.48751552, 144.00793504]], "Singing with hh child": [[7.0298667199999985, 123.55152655999999]]}