{"Playing tennis": [[39.27959629, 55.28261541], [62.677697280000004, 98.98710844]], "Ping-pong": [[2.7283289, 89.713173]]}