{"Playing with hh child": [[26.670527520000004, 105.1372686], [118.26041681999999, 121.9264137]], "Singing with hh child": [[58.281746250000005, 160.84161093]]}