{"Fixing broken windows": [[28.066082360000003, 128.80919982]], "Cleaning windows": [[17.12374596, 51.7667788], [58.46499000000001, 93.5006766]]}