{"Assembling bicycle": [[30.79201337, 123.07624208000001]], "Riding stationary bicycle": [[23.214512490000004, 77.43373476000001]]}