{"Cleaning garage": [[37.63931174, 80.73367898000001]], "Organizing boxes in garage": [[13.576519280000001, 60.246661120000006]]}