{"Playing water polo": [[5.03076838, 29.06442702]], "Playing polo": [[3.0308783600000004, 27.9433693]]}