{"Wiping table": [[12.48613524, 101.89338792000001]], "Polishing forniture": [[15.66952608, 20.336103360000003], [30.42812964, 118.92584208000001]]}