{"Playing with hh child": [[26.824472909999997, 66.89275991999999], [80.71421535, 99.9305973]], "Feeding hh child": [[54.40515543, 93.80786975999999], [101.68787151, 114.53937651000001]]}