{"Playing tennis": [[6.99980085, 79.1217918], [88.48599705, 104.03073090000001]], "Playing piano": [[85.09252545, 127.97032544999999]]}