{"Discus throw": [[39.76096224, 55.1248524], [66.36957419999999, 128.94960702]], "Shot put": [[68.48994066, 135.97931147999998], [146.79855732000001, 148.28304762]]}