{"Playing with hh child": [[14.60863888, 162.5998776]], "Singing with hh child": [[79.01227152, 86.86156688], [97.71182192, 175.5109832]]}