{"Making a cake": [[103.65015360000001, 155.59666752]], "Making a sandwich": [[45.88537296, 138.83655912]]}