{"Putting in contact lenses": [[24.8855814, 48.5583498]], "Putting on makeup": [[4.728294, 17.0045325], [20.0354472, 28.522902600000002]]}