{"Assembling bicycle": [[26.76189338, 72.94995278999998], [89.49719185999999, 107.80289639]], "Fixing bicycle": [[40.79402593, 77.07193292]]}