{"Plataform diving": [[29.097234219999997, 76.41042261]], "Springboard diving": [[36.098607869999995, 73.50049281]]}