{"Discus throw": [[22.57730696, 51.12559608], [59.156277440000004, 94.46295456]], "Shot put": [[16.66854488, 28.4871418], [36.33652672, 82.30965652]]}