{"Polishing shoes": [[6.06079785, 56.09361815], [70.94312959999999, 93.12646625000001]], "Cleaning shoes": [[25.6980798, 66.4275321]]}