{"Playing with hh child": [[15.033164280000001, 103.4111703]], "Singing with hh child": [[20.27584848, 131.20360092]]}