{"Tumbling": [[8.87999778, 110.92009221], [121.79930988, 134.43810732]], "Cheerleading": [[35.30697768, 164.50184793]]}