{"Plataform diving": [[26.79397413, 62.741104650000004]], "Springboard diving": [[28.612820600000003, 30.00706737], [38.76595261, 72.86477464000001]]}