{"Cleaning garage": [[9.9401346, 21.4572246], [30.03450355, 99.19610555]], "Organizing boxes in garage": [[55.28055545, 122.8666786]]}