{"Checking tires": [[21.3068646, 78.34976660000001]], "Putting air in tires": [[6.6679921, 62.5581187]]}