{"Plataform diving": [[11.424392189999999, 89.37024525]], "Springboard diving": [[46.94309073, 96.09782849999999]]}