{"Polishing shoes": [[58.607356679999995, 126.88048493999999]], "Cleaning shoes": [[5.87877708, 43.12237871999999], [55.69690248, 100.91106378]]}