{"Setting the fire": [[35.73346144, 44.73468016], [51.61411936, 80.64941408]], "Starting a campfire": [[8.18301616, 13.85100048], [19.45757008, 75.46680416]]}