{"Playing water polo": [[19.00306664, 178.44455692]], "Playing polo": [[59.58193632, 192.23398423999998]]}