{"Polishing shoes": [[2.6676523999999997, 51.566060480000004], [57.90201792, 63.32863416]], "Cleaning shoes": [[26.58672184, 68.36132832]]}