{"Preparing a shower for a hh child": [[51.00662132, 105.13523948], [118.34805114, 176.90124894000002]], "Feeding hh child": [[31.822938179999998, 35.73278752], [57.582563519999994, 168.83994216]]}