{"Polishing shoes": [[29.396444969999997, 51.580105440000004], [61.277975549999994, 70.06631865]], "Cleaning shoes": [[16.8502923, 79.03677177]]}