{"Washing face": [[56.94490000000001, 126.34733430000001], [140.22681625, 140.52996410000003]], "Making tea": [[24.42768725, 56.521162950000004], [82.12961945, 110.92196580000001]]}