{"Long jump": [[31.971067200000004, 174.7317424]], "Triple jump": [[32.1523776, 128.730384]]}