{"Using a computer": [[71.34646912000001, 152.84422912]], "Setting up or fixing computer": [[7.8202796800000005, 133.32683008]]}