{"Playing water polo": [[8.637976830000001, 13.457119409999999]], "Playing polo": [[2.18223558, 9.45635418]]}