{"Fixing bicycle": [[31.00302785, 123.19012247], [135.25056508999998, 137.64515469]], "Checking tires": [[114.06765709, 203.83253223]]}