{"Sorting laundry": [[25.61006064, 102.89206119]], "Ironing clothes": [[55.94728829, 100.52906143]]}