{"Playing tennis": [[57.70114350000001, 157.58580030000002]], "Ping-pong": [[14.72791425, 105.12829385]]}