{"Playing tennis": [[12.33518552, 69.67621738]], "Ping-pong": [[10.75904564, 21.06323898], [25.73033022, 70.7065345]]}