{"Checking tires": [[2.0606307, 76.19096627999998], [86.10134762999999, 88.22231724]], "Putting air in tires": [[18.03222633, 89.55660408]]}