{"Hand washing clothes": [[7.24362495, 12.06292995], [18.21487755, 61.888956050000004]], "Ironing clothes": [[8.395369, 29.944646849999998]]}