{"Playing with hh child": [[53.945328769999996, 156.01514726]], "Singing with hh child": [[47.09569026, 164.37882869999999]]}