{"Preparing salad": [[13.39473132, 87.0317568], [108.30618624, 157.76205759]], "Preparing pasta": [[55.667838540000005, 116.51829732000002]]}