{"Tennis serve with ball bouncing": [[48.52195116000001, 122.07799734], [142.56740376000002, 145.29421692000003]], "Ping-pong": [[34.36898988, 154.8415455]]}