{"Assembling bicycle": [[29.366225040000003, 30.397033680000003], [35.336719120000005, 57.82379384000001]], "Fixing bicycle": [[12.97100872, 41.54994184], [50.97459056, 64.79436144]]}