{"Mowing the lawn": [[16.305802449999998, 45.24837317], [64.18980785, 117.65052572]], "Cutting the grass": [[3.6361116399999993, 89.04083845999999]]}