{"Fixing bicycle": [[2.90895684, 138.37045095], [154.43394921, 164.16106041]], "Putting air in tires": [[21.303291180000002, 184.00987317]]}