{"Long jump": [[26.181612960000002, 134.87918154000002]], "Triple jump": [[24.2729101, 79.12088212]]}