{"Mowing the lawn": [[37.851726590000006, 132.013271]], "Cutting the grass": [[79.70490290000001, 145.80228402]]}