{"Tumbling": [[69.40426697999999, 161.84242726]], "Cheerleading": [[44.18867698, 169.84344359999997]]}