{"Hand washing clothes": [[10.7583738, 149.010426]], "Washing hands": [[61.458471599999996, 139.615173]]}