{"Assembling bicycle": [[53.33690256, 147.46454411000002]], "Changing wheel": [[108.49227180999999, 162.01227763]]}