{"Playing water polo": [[25.55695197, 53.84152521000001]], "Playing polo": [[5.63912712, 31.438253879999998], [39.562827479999996, 53.053705980000004]]}