{"Vault": [[12.637381649999998, 49.3394052], [54.763984050000005, 73.3720967]], "Pole vault": [[23.18500745, 81.00924075]]}