{"Having a facial": [[17.42793624, 53.03994696000001], [76.226436, 95.22966024000002]], "Shaving": [[19.67009616, 127.56857256]]}