{"Playing with hh child": [[26.699864129999998, 67.88541829]], "Singing with hh child": [[42.48831723, 112.40367949]]}