{"Playing with hh child": [[82.88783247999999, 149.40945843]], "Feeding hh child": [[18.97231164, 100.07042940000001]]}