{"Hand washing clothes": [[14.18308824, 31.64064112], [36.51948078, 79.40388996]], "Ironing clothes": [[2.27278638, 44.580784640000005]]}