{"Assembling bicycle": [[20.81881849, 26.910597489999997], [30.365225709999997, 50.66919062]], "Fixing bicycle": [[5.45508984, 49.82027174]]}