{"Polishing forniture": [[31.219849240000002, 74.14048772000001]], "Assembling furniture": [[24.67297907, 63.71376076]]}