{"Playing with hh child": [[5.759217969999999, 91.56018497999999]], "Feeding hh child": [[2.4250817799999997, 6.304369609999999], [17.82140052, 86.43885062999999]]}