{"Preparing salad": [[33.42390391, 97.03084431]], "Making a sandwich": [[64.51625941, 119.51568591999998], [130.66808263, 135.30394526999999]]}