{"Rock climbing": [[6.4877872, 33.5628106], [40.2327456, 57.7264924]], "Mountain climbing": [[2.75867, 57.8171884]]}