{"Hand washing clothes": [[47.28261252, 49.222149019999996], [58.435933600000006, 103.59754790000001]], "Washing hands": [[49.312879880000004, 113.20581448]]}