{"Checking tires": [[29.39820075, 117.01707525]], "Putting air in tires": [[40.187765250000005, 88.49804850000001], [97.0142265, 108.92572200000001]]}