{"Checking tires": [[37.24907185, 87.4392073]], "Putting air in tires": [[15.730311, 90.0152361]]}