{"Playing water polo": [[8.18642625, 42.1424666], [48.904116599999995, 72.27914065]], "Playing polo": [[22.31441095, 74.4013328]]}