{"Assembling bicycle": [[24.544781999999998, 142.605252]], "Fixing bicycle": [[116.787168, 183.636666]]}