{"Plataform diving": [[24.215429890000003, 76.88794868000001]], "Springboard diving": [[26.73059993, 84.64715601], [91.8898003, 104.19506986]]}