{"Polishing forniture": [[7.72863429, 43.432072070000004], [57.95024153, 72.98340083]], "Assembling furniture": [[26.30739766, 65.52740822000001], [83.16707247, 100.71585616]]}