{"Playing water polo": [[9.33697622, 43.53065392]], "Playing polo": [[27.434270759999997, 53.62552338]]}