{"Playing with hh child": [[14.362859279999999, 90.12136055999999], [111.121038, 133.0915446]], "Singing with hh child": [[36.30292176, 121.63609877999998]]}