{"Playing water polo": [[17.6397227, 134.44441296]], "Playing polo": [[11.971046300000001, 16.66959556], [29.24668328, 117.83473024000001]]}