{"Playing with hh child": [[36.395504020000004, 196.73731428]], "Singing with hh child": [[20.66797085, 173.25130642]]}