{"Rock climbing": [[30.548198720000002, 96.73842016]], "Mountain climbing": [[23.79083904, 101.7692416]]}