{"Playing with hh child": [[6.51605108, 20.184351460000002], [27.185188240000002, 34.00472845]], "Singing with hh child": [[3.5761246500000006, 14.335046740000001], [19.214780060000002, 45.521377230000006]]}