{"Playing water polo": [[4.274103960000001, 42.278686379999996], [63.647075519999994, 113.83477182]], "Playing polo": [[74.13205338, 143.59796136]]}