{"Playing water polo": [[8.54600544, 21.21352191], [31.032369899999996, 130.03921728]], "Playing polo": [[39.94226774999999, 117.94643217000001], [130.91849378999999, 134.76669507]]}