{"Playing tennis": [[3.4253848199999997, 51.437724259999996], [58.379433320000004, 67.62402244]], "Ping-pong": [[3.81945564, 60.501353120000005]]}