{"Setting the fire": [[46.88838088, 173.52237232000002]], "Starting a campfire": [[29.672652679999995, 142.93902568000001]]}