{"Assembling bicycle": [[8.091201600000002, 36.3963012], [42.4882124, 71.7929572]], "Fixing bicycle": [[16.213436400000003, 54.51874960000001]]}