{"Using a computer": [[53.73312776000001, 96.64717296]], "Watching TV": [[55.21864192000001, 126.64990312]], "Setting up or fixing computer": [[16.032204240000002, 94.52584128000001]]}