{"Long jump": [[38.4605468, 114.62549680000001]], "Triple jump": [[22.5796959, 111.4430866]]}