{"Making a sandwich": [[34.97210985, 43.459173150000005], [75.88559330000001, 186.50289405]], "Making tea": [[10.7279571, 151.49858745000003]]}