{"Plataform diving": [[6.60737444, 28.432107929999997], [38.58622794, 43.921120429999995]], "Springboard diving": [[22.24794097, 50.71055034], [60.01634905, 74.29292930999999]]}