{"Setting the table": [[19.82314376, 24.2788826], [34.06916646, 70.83539547]], "Wiping table": [[2.2129744, 8.0326715], [15.18547289, 40.28251766]]}