{"Playing with hh child": [[13.4850864, 130.94086470000002]], "Singing with hh child": [[19.1220177, 108.03085920000001], [117.39571110000001, 152.3041398]]}