{"Mowing the lawn": [[27.850596480000004, 184.981272]], "Cutting the grass": [[72.45838432000001, 150.13191648]]}