{"Rock climbing": [[9.366371549999998, 52.04542841999999]], "Mountain climbing": [[1.36420512, 28.129207409999996], [36.40471641, 69.68730897]]}