{"Tennis serve with ball bouncing": [[2.5452007900000004, 49.54667363], [59.48577851, 118.69890957]], "Ping-pong": [[34.15167221, 78.06117559]]}