{"Paiting furniture": [[34.4905236, 50.5529856], [62.8885764, 97.589466]], "Polishing forniture": [[33.8539968, 51.5233836], [67.7066364, 114.1378056]]}