{"Playing water polo": [[3.5772580800000005, 46.61911584]], "Playing polo": [[20.096255520000003, 34.58453328], [45.76988592, 71.83698192]]}