{"Assembling bicycle": [[77.58813491, 161.20809993999998]], "Fixing bicycle": [[4.93942286, 80.10321209]]}