{"Checking tires": [[9.273971999999999, 115.07571279999999]], "Putting air in tires": [[5.1218688, 42.5206124], [59.76455119999999, 129.19851279999997]]}