{"Hand washing clothes": [[8.576069519999999, 37.8222284], [48.0663406, 86.85756823999999]], "Washing hands": [[23.123845499999998, 62.46066802], [69.31044123999999, 74.12986267999999]]}