{"Playing water polo": [[11.123933520000001, 48.043070160000006], [60.95592252, 115.91065524000001]], "Playing polo": [[12.63986304, 101.57337816]]}