{"Playing with hh child": [[9.45674912, 44.5883123]], "Feeding hh child": [[1.84922498, 56.6829674]]}