{"Paiting furniture": [[4.4557673200000005, 89.43298086]], "Polishing forniture": [[83.52231444000002, 166.25831700000003]]}