{"Assembling bicycle": [[24.670931999999997, 97.19484588], [105.0153588, 138.44360903999998]], "Fixing bicycle": [[9.273165, 94.22570784]]}