{"Javelin throw": [[5.6978116199999995, 17.125144040000002], [24.70145122, 89.92723448]], "Long jump": [[4.7891796, 26.67179406], [34.24919466, 86.13853418]]}