{"Fixing broken windows": [[3.12154689, 125.61399998]], "Cleaning windows": [[51.42823483, 155.64591119]]}