{"Preparing a shower for a hh child": [[14.607315800000002, 58.7939396]], "Feeding hh child": [[12.153117300000002, 47.186916]]}