{"Playing water polo": [[3.5152550000000002, 22.363598]], "Playing polo": [[10.151444000000001, 22.42434]]}