{"Polishing shoes": [[21.4258449, 151.06953885000001]], "Cleaning shoes": [[12.39551925, 33.305289900000005], [42.8516898, 138.463695]]}