{"Playing water polo": [[6.6992783099999995, 34.737517319999995]], "Playing polo": [[23.27971496, 50.65158555]]}