{"Playing with hh child": [[4.03116308, 21.914386359999998], [42.6166254, 74.44175212]], "Singing with hh child": [[11.548538439999998, 99.47708644]]}