{"Playing tennis": [[12.21525508, 91.1400162], [103.53572814, 130.42007952]], "Ping-pong": [[88.92802438, 166.30680972]]}