{"Assembling bicycle": [[6.18240623, 66.45597685999999]], "Fixing bicycle": [[34.27382049, 79.57712672]]}