{"Playing tennis": [[103.3734476, 188.7738482]], "Ping-pong": [[83.2492044, 172.2279702]]}