{"Rock climbing": [[8.79045902, 80.01699398]], "Mountain climbing": [[38.85734692, 79.68386874], [86.7448785, 123.1473726]]}