{"Playing water polo": [[69.60789151, 196.18704899]], "Playing polo": [[15.515239079999999, 95.48658288]]}