{"Putting roast in oven": [[33.038705930000006, 36.190673530000005], [41.40390311, 61.92446049000001]], "Cleaning microwave oven": [[7.456275830000001, 50.3456607], [56.862587770000005, 69.47123836]]}