{"Putting roast in oven": [[19.21651928, 41.13027520000001]], "Cleaning microwave oven": [[1.5457070400000001, 11.275394], [21.73216856, 55.40628960000001]]}