{"High jump": [[29.91626868, 51.73931812], [60.43862456, 78.71508632000001]], "Vault": [[9.15387184, 34.008334839999996], [43.07031604, 63.89332159999999]]}