{"Playing harmonica": [[12.576969729999998, 71.61296764]], "Playing bagpipes": [[5.727106689999999, 143.01397567]]}