{"Assembling bicycle": [[15.00091305, 46.45842195], [53.52051945, 82.97773695]], "Fixing bicycle": [[58.1865936, 114.07132515]]}