{"Setting the fire": [[8.78923188, 36.49154652]], "Starting a campfire": [[3.03067908, 18.882452160000003], [25.00419636, 68.19421752000001]]}