{"Setting the fire": [[2.18241891, 13.124667780000001], [16.33771827, 34.49384973]], "Starting a campfire": [[16.79218695, 28.977224579999998], [33.85683972, 43.61714694]]}