{"Plataform diving": [[10.484745089999999, 65.48523863], [70.69731438, 73.15186828]], "Springboard diving": [[16.75772217, 67.15207586]]}