{"Cleaning garage": [[0.84854055, 2.33356035], [5.75784825, 25.72882455]], "Organizing boxes in garage": [[0.9696340499999999, 19.8191664]]}