{"Hand washing clothes": [[15.63952615, 55.132516550000005]], "Sorting laundry": [[3.0615328500000003, 53.6476838]]}