{"Playing with hh child": [[54.43055475999999, 171.53679423999998]], "Singing with hh child": [[69.64516054999999, 102.46696759], [112.01354250999998, 165.56522514]]}