{"Preparing a shower for a hh child": [[11.850396949999999, 20.94241184], [29.822190999999997, 43.85499909]], "Feeding hh child": [[11.032163379999998, 31.367894949999997], [36.126479339999996, 52.58327879]]}