{"Polishing shoes": [[1.72835369, 14.76563851], [18.0096875, 41.840682310000005]], "Cleaning shoes": [[13.765164350000001, 16.887611930000002], [19.85906629, 41.385973719999996]]}