{"Assembling bicycle": [[29.2526574, 61.022662499999996]], "Fixing bicycle": [[3.2435390999999996, 51.5335299]]}