{"Assembling bicycle": [[40.314077160000004, 153.5894802]], "Fixing bicycle": [[31.433274, 150.28537341]]}