{"Playing with hh child": [[32.33573706, 51.73043841], [64.67000870999999, 91.42839531]], "Singing with hh child": [[2.7886752299999995, 105.58132508999999]]}