{"Playing water polo": [[1.75889226, 27.292849500000003]], "Playing polo": [[1.06151688, 25.74604746]]}