{"Plataform diving": [[20.035858930000003, 103.1476188], [115.96867300000001, 118.84748671]], "Springboard diving": [[2.51550663, 10.972926880000001], [20.4294416, 99.38818032000002]]}