{"Cleaning garage": [[18.24310135, 145.30400724]], "Organizing boxes in garage": [[36.6662037, 142.18278990000002]]}