{"Playing water polo": [[6.699657080000001, 16.58268786], [18.43201916, 19.28081866]], "Playing polo": [[2.09180252, 12.45977574], [14.612271179999999, 15.097213619999998]]}