{"Assembling bicycle": [[24.343344, 44.38203048]], "Changing wheel": [[3.94122168, 27.40569096], [30.43718016, 46.534644959999994]]}