{"Plataform diving": [[59.73224351, 111.79664231]], "Springboard diving": [[4.48472734, 95.76451433000001]]}