{"Paiting furniture": [[44.25071038, 101.4727543]], "Polishing forniture": [[16.9428728, 122.74875206]]}