{"Playing with hh child": [[63.97048966, 107.5460188]], "Singing with hh child": [[33.454999380000004, 121.2432078]]}