{"Preparing salad": [[8.12169362, 128.57949684000002]], "Preparing pasta": [[8.939397660000001, 39.09268048], [51.24397676, 145.00320746]]}