{"Checking tires": [[11.03173288, 141.92291035999997], [154.43950116000002, 172.4719584]], "Putting air in tires": [[57.09564252, 198.23329148]]}