{"Discus throw": [[9.63786915, 140.98355014]], "Shot put": [[15.001655180000002, 40.51906112], [52.48931814, 176.16942164]]}