{"Having a facial": [[2.90989334, 18.0049048], [23.793847959999997, 70.65575729999999]], "Washing face": [[3.8795365, 4.1831524], [11.306077799999999, 63.53186803999999]]}