{"Hand washing clothes": [[28.73406538, 60.74130849], [65.37873607, 85.14145356]], "Sorting laundry": [[2.78879239, 24.309195080000002], [35.038228170000004, 88.05083133000001]]}