{"Assembling bicycle": [[35.06514464, 100.16395231999999]], "Fixing bicycle": [[25.33672144, 67.643988]]}