{"Checking tires": [[52.12635807, 83.22030267000001], [94.46290965, 123.61772841000001]], "Putting air in tires": [[47.185910070000006, 64.42961748], [75.97637079, 118.40401188000001]]}