{"Polishing shoes": [[50.70529079999999, 86.92390504], [106.5349502, 147.08572296]], "Cleaning shoes": [[56.49496204, 135.14488656]]}