{"Hand washing clothes": [[40.760473600000005, 74.67333888], [85.52326272, 109.37267712000002]], "Washing hands": [[33.487489280000005, 149.10279552]]}