{"Playing tennis": [[19.8809676, 84.16276284]], "Ping-pong": [[29.60909484, 33.427851600000004], [45.46077978, 92.86022849999999]]}