{"Putting roast in oven": [[35.72773544, 123.00175564000001]], "Baking cookies": [[71.36456784, 112.85044272]]}