{"Setting the fire": [[109.10470869, 120.62038446999999], [130.04550306, 177.20217466]], "Starting a campfire": [[61.06747534, 143.34923717]]}