{"Paintball": [[32.60954658, 132.68440614000002]], "Doing motocross": [[25.4278674, 29.003146379999997], [47.399448719999995, 143.56401852000002]]}